sweep,vin,t,v5,vref,vadj,vfan,i317,ifan
0.0,9.0,0.0,4.99991935461885,0.02500027283299786,0.006003908429891474,1.253212661990102,0.055824928795789465,0.05012850647960408
0.25,9.0,0.25,4.99991935461885,0.025000272832997862,0.006003908429891474,1.253212661990102,0.055824928795789465,0.05012850647960408
0.5,9.0,0.5,4.99991935461885,0.025000272832997862,0.006003908429891474,1.253212661990102,0.055824928795789465,0.05012850647960408
0.75,9.0,0.75,4.99991935461885,0.025000272832997862,0.006003908429891474,1.253212661990102,0.055824928795789465,0.05012850647960408
1.0,9.0,1.0,4.99991935461885,0.025000272832997862,0.006003908429891474,1.253212661990102,0.055824928795789465,0.05012850647960408
1.25,9.0,1.25,4.99991935461885,0.025000272832997862,0.006003908429891474,1.253212661990102,0.055824928795789465,0.05012850647960408
1.5,9.0,1.5,4.99991935461885,0.025000272832997862,0.006003908429891474,1.253212661990102,0.055824928795789465,0.05012850647960408
1.75,9.0,1.75,4.99991935461885,0.025000272832997862,0.006003908429891474,1.253212661990102,0.055824928795789465,0.05012850647960408
2.0,9.0,2.0,4.99991935461885,0.025000272832997862,0.006003908429891474,1.253212661990102,0.055824928795789465,0.05012850647960408
2.25,9.0,2.25,4.99991935461885,0.025000272832997862,0.006003908429891474,1.253212661990102,0.055824928795789465,0.05012850647960408
2.5,9.0,2.5,4.99991935461885,0.025000272832997862,0.006003908429891474,1.253212661990102,0.055824928795789465,0.05012850647960408
2.75,9.0,2.75,4.99991935461885,0.02500027287286773,0.027502550350102236,1.274663526983629,0.05678046732946439,0.050986541079345166
3.0,9.0,3.0,4.99991935461885,0.025000272923861554,0.05499946412242098,1.30209933373169,0.05800260781462159,0.0520839733492676
3.25,9.0,3.25,4.99991935461885,0.025000272974855377,0.08249637789701122,1.3295351404820173,0.059224748299879754,0.05318140561928069
3.5,9.0,3.5,4.99991935461885,0.025000273025849205,0.10999329167295786,1.356970947233698,0.060446888785198195,0.05427883788934792
3.75,9.0,3.75,4.99991935461885,0.025000273076843042,0.13749020544747542,1.3844067539839529,0.06166902927045313,0.055376270159358115
4.0,9.0,4.0,4.99991935461885,0.025000273127836873,0.1649871192237159,1.4118425607359266,0.06289116975578464,0.05647370242943706
4.25,9.0,4.25,4.99991935461885,0.025000273178830697,0.19248403299915784,1.439278367487104,0.06411331024108066,0.05757113469948416
4.5,9.0,4.5,4.99991935461885,0.025000273229824538,0.21998094677294916,1.466714174236634,0.06533545072630331,0.05866856696946537
4.75,9.0,4.75,4.99991935461885,0.02500027328081837,0.24747786054920667,1.494149980988625,0.06655759121163558,0.059765999239545
5.0,9.0,5.0,4.99991935461885,0.025000273331812192,0.27497477432419,1.5215857877393444,0.0677797316969112,0.060863431509573775
5.25,9.0,5.25,4.99991935461885,0.02500027338280602,0.3024716881006697,1.549021594491557,0.06900187218221294,0.061960863779625994
5.5,9.0,5.5,4.99991935461885,0.025000273433799854,0.3299686018742449,1.5764574012408716,0.07022401266750682,0.06305829604967116
5.75,9.0,5.75,4.99991935461885,0.025000273484793688,0.35746551565167767,1.6038932079940351,0.0714461531528509,0.06415572831976141
6.0,9.0,6.0,4.99991935461885,0.025000273535787508,0.3849624294252353,1.6313290147433321,0.07266829363806317,0.06525316058973328
6.25,9.0,6.25,4.99991935461885,0.025000273586781342,0.41245934320234795,1.6587648214961763,0.07389043412343345,0.06635059285984705
6.5,9.0,6.5,4.99991935461885,0.025000273637775173,0.43995625697761365,1.6862006282471775,0.07511257460872163,0.06744802512988711
6.75,9.0,6.75,4.99991935461885,0.025000273688768997,0.46745317075286946,1.713636434998169,0.07633471509400937,0.06854545739992676
7.0,9.0,7.0,4.99991935461885,0.025000273739762827,0.49495008452903133,1.7410722417500644,0.07755685557933738,0.06964288967000258
7.25,9.0,7.25,4.99991935461885,0.02500027379075666,0.5224469983015547,1.7685080484983295,0.07877899606458451,0.07074032194000576
7.5,9.0,7.5,4.99991935461885,0.025000273841750492,0.5499439120795336,1.795943855252038,0.08000113654991246,0.07183775421008153
7.75,9.0,7.75,4.99991935461885,0.025000273892744323,0.5774408258556937,1.8233796620039318,0.0812232770352404,0.07293518648015727
8.0,9.0,8.0,4.99991935461885,0.025000273943738157,0.6049377396309444,1.850815468754918,0.0824454175204875,0.07403261875016043
8.25,9.0,8.25,4.99991935461885,0.02500027399473198,0.6324346534034672,1.8782512755031826,0.08366755800569418,0.0751300510201273
8.5,9.0,8.5,4.99991935461885,0.02500027404572581,0.6599315671805365,1.9056870822559833,0.08488969849106252,0.07622748329023933
8.75,9.0,8.75,4.99991935461885,0.02500027409671964,0.687428480954878,1.9331228890060626,0.08611183897630964,0.0773249155602425
9.0,9.0,9.0,4.99991935461885,0.025000274147713473,0.7149253947310379,1.960558695757956,0.08733397946163757,0.07842234783031823
9.25,9.0,9.25,4.99991935461885,0.025000274198707297,0.7424223085071979,1.9879945025098498,0.08855611994696551,0.079519780100394
9.5,9.0,9.5,4.99991935461885,0.025000274249701134,0.7699192222815393,2.0154303092599286,0.0897782604322126,0.08061721237039715
9.75,9.0,9.75,4.99991935461885,0.025000274300694965,0.7974161360576993,2.0428661160118224,0.09100040091754054,0.0817146446404729
10.0,9.0,10.0,4.99991935461885,0.025000274351688796,0.8249130498320407,2.0703019227619013,0.09222254140278763,0.08281207691047605
10.25,9.0,10.25,4.99991935461885,0.025000274402682623,0.8524099636082008,2.097737729513795,0.09344468188811558,0.0839095091805518
10.5,9.0,10.5,4.99991935461885,0.025000274453676457,0.8799068773843607,2.1251735362656885,0.0946668223734435,0.08500694145062754
10.75,9.0,10.75,4.99991935461885,0.025000274504670288,0.9074037911587022,2.152609343015768,0.09588896285869061,0.08610437372063072
11.0,9.0,11.0,4.99991935461885,0.025000274555664108,0.9349007049348622,2.180045149767661,0.09711110334401854,0.08720180599070645
11.25,9.0,11.25,4.99991935461885,0.025000274606657942,0.9623976187092036,2.2074809565177405,0.09833324382926564,0.08829923826070962
11.5,9.0,11.5,4.99991935461885,0.025000274657651776,0.989894532483545,2.2349167632678193,0.09955538431459357,0.08939667053078536
11.75,9.0,11.75,4.99991935461885,0.025000274708645607,1.0173914462615237,2.2623525700215277,0.10077752479992151,0.0904941028008611
12.0,9.0,12.0,4.99991935461885,0.025000274759639438,1.0448883600358652,2.2897883767716065,0.1019996652851686,0.09159153507086426
12.25,9.0,12.25,4.99991935461885,0.025000274810633265,1.0723852738120252,2.3172241835235003,0.10322180577049656,0.09268896734094001
12.5,9.0,12.5,4.99991935461885,0.025000274861627095,1.0998821875863665,2.344659990273579,0.10444394625574364,0.09378639961094316
12.75,9.0,12.75,4.99991935461885,0.025000274912620926,1.1273791013625265,2.372095797025473,0.10566608674107159,0.09488383188101893
13.0,9.0,13.0,4.99991935461885,0.02500027496361476,1.1548760151368678,2.399531603775552,0.10688822722631867,0.09598126415102208
13.25,9.0,13.25,4.99991935461885,0.025000275014608594,1.182372928913028,2.4269674105274452,0.10811036771164662,0.09707869642109783
13.5,9.0,13.5,4.99991935461885,0.025000275065602415,1.209869842689188,2.4544032172793395,0.10933250819697456,0.09817612869117358
13.75,9.0,13.75,4.99991935461885,0.025000275116596245,1.2373667564635291,2.4818390240294184,0.11055464868222163,0.09927356096117672
14.0,9.0,14.0,4.99991935461885,0.025000275167590083,1.2648636702378706,2.509274830779497,0.11177678916746875,0.10037099323117989
14.25,9.0,14.25,4.99991935461885,0.02500027521858391,1.2923605840140306,2.5367106375313906,0.11299892965279668,0.10146842550125562
14.5,9.0,14.5,4.99991935461885,0.025000275269577734,1.3198574977883721,2.5641464442814694,0.11422107013804378,0.1025658577712588
14.75,9.0,14.75,4.99991935461885,0.025000275320571568,1.3473544115645322,2.5915822510333637,0.1154432106233717,0.10366329004133454
15.0,9.0,15.0,4.99991935461885,0.025000275371565402,1.374851325340692,2.619018057785257,0.11666535110861882,0.1047607223113377
15.25,9.0,15.25,4.99991935461885,0.02500027542255923,1.4023482391150335,2.646453864535336,0.11788749159394674,0.10585815458141344
15.5,9.0,15.5,4.99991935461885,0.02500027547355306,1.4298451528911935,2.6738896712872298,0.11910963207927466,0.10695558685148918
15.75,9.0,15.75,4.99991935461885,0.02500027552454689,1.457342066665535,2.7013254780373086,0.1203317725645218,0.10805301912149236
16.0,9.0,16.0,4.99991935461885,0.02500027557554072,1.4848389804435136,2.728761284791017,0.12155391304993055,0.10915045139164069
16.25,9.0,16.25,4.99991935461885,0.025000275626534552,1.5123358942196736,2.7561970915429104,0.12277605353517765,0.11024788366164384
16.5,9.0,16.5,4.99991935461885,0.025000275677528383,1.5398328079921964,2.783632898291175,0.12399819402042475,0.11134531593164701
16.75,9.0,16.75,4.99991935461885,0.025000275728522214,1.5673297217665378,2.8110687050412544,0.12522033450567188,0.11244274820165018
17.0,9.0,17.0,4.99991935461885,0.025000275779516037,1.5948266355445164,2.8385045117949623,0.12644247499108063,0.1135401804717985
17.25,9.0,17.25,4.99991935461885,0.02500027583050988,1.6223235493188577,2.865940318545041,0.1276646154763277,0.11463761274180165
17.5,9.0,17.5,4.99991935461885,0.025000275881503702,1.6498204630931992,2.8933761252951204,0.12888675596157484,0.11573504501180482
17.75,9.0,17.75,4.99991935461885,0.025000275932497536,1.6773173768675407,2.9208119320451997,0.13010889644682194,0.116832477281808
18.0,9.0,18.0,4.99991935461885,0.02500027598349137,1.7048142906455193,2.9482477387989077,0.1313310369322307,0.11792990955195631
18.25,9.0,18.25,4.99991935461885,0.025000276034485198,1.7323112044198608,2.9756835455489865,0.1325531774174778,0.11902734182195948
18.5,9.0,18.5,4.99991935461885,0.025000276085479025,1.7598081181978393,3.003119352302695,0.13377531790288655,0.1201247740921078
18.75,9.0,18.75,4.99991935461885,0.02500027613647286,1.7873050319721806,3.030555159052774,0.13499745838813365,0.12122220636211095
19.0,9.0,19.0,4.99991935461885,0.025000276187466693,1.814801945746522,3.057990965802853,0.13621959887338075,0.12231963863211412
19.25,9.0,19.25,4.99991935461885,0.025000276238460514,1.8422988595208636,3.085426772552932,0.13744173935862786,0.12341707090211727
19.5,9.0,19.5,4.99991935461885,0.02500027628945435,1.869795773298842,3.11286257930664,0.1386638798440366,0.12451450317226559
19.75,9.0,19.75,4.99991935461885,0.025000276340448185,1.8972926870731834,3.140298386056719,0.13988602032928374,0.12561193544226879
20.0,9.0,20.0,4.99991935461885,0.025000276391442016,1.924789600847525,3.1677341928067984,0.14110816081453084,0.12670936771227193
20.25,9.0,20.25,4.99991935461885,0.02500027644243584,1.9522865146255037,3.1951699995605067,0.1423303012999396,0.12780679998242028
20.5,9.0,20.5,4.99991935461885,0.025000276493429677,1.979783428396208,3.222605806306957,0.14355244178502505,0.12890423225227826
20.75,9.0,20.75,4.99991935461885,0.025000276544423508,2.0072803421741865,3.2500416130606644,0.1447745822704338,0.1300016645224266
21.0,9.0,21.0,4.99991935461885,0.025000276595417332,2.0347772559485273,3.2774774198107437,0.1459967227556809,0.13109909679242976
21.25,9.0,21.25,4.99991935461885,0.025000276646411166,2.062274169726506,3.3049132265644516,0.14721886324108965,0.13219652906257806
21.5,9.0,21.5,4.99991935461885,0.025000276697404997,2.089771083500848,3.3323490333145314,0.14844100372633678,0.13329396133258126
21.75,9.0,21.75,4.99991935461885,0.025000276748398827,2.1172679972751887,3.3597848400646093,0.14966314421158383,0.13439139360258437
22.0,9.0,22.0,4.99991935461885,0.025000276799392655,2.1447649110495304,3.387220646814689,0.15088528469683096,0.13548882587258756
22.25,9.0,22.25,4.99991935461885,0.025000276850386492,2.172261824827509,3.414656453568397,0.15210742518207807,0.1365862581425907
22.5,9.0,22.5,4.99991935461885,0.025000276901380323,2.1997587386018504,3.442092260318476,0.1533295656676485,0.1376836904128842
22.75,9.0,22.75,4.99991935461885,0.025000276952374143,2.2272556523761917,3.4695280670685547,0.15455170615273392,0.1387811226827422
23.0,9.0,23.0,4.99991935461885,0.025000277003367984,2.254752566150533,3.4969638738186335,0.155773846637981,0.13987855495274534
23.25,9.0,23.25,4.99991935461885,0.02500027705436181,2.2822494799321493,3.5243996805759714,0.1569959871233898,0.1409759872228937
23.5,9.0,23.5,4.99991935461885,0.025000277105355642,2.309746393702853,3.551835487322421,0.1582181276086369,0.14207341949289684
23.75,9.0,23.75,4.99991935461885,0.02500027715634948,2.3372433074771943,3.5792712940725,0.15944026809388398,0.1431708517629
24.0,9.0,24.0,4.99991935461885,0.02500027720734331,2.364740221251536,3.6067071008225797,0.1606624085791311,0.1442682840329032
24.25,9.0,24.25,4.99991935461885,0.025000277258337134,2.3922371350295144,3.6341429075762877,0.16188454906453986,0.1453657163030515
24.5,9.0,24.5,4.99991935461885,0.02500027730933097,2.4197340488074937,3.6615787143299965,0.16310668954994867,0.14646314857319986
24.75,9.0,24.75,4.99991935461885,0.025000277360324803,2.447230962581835,3.6890145210800753,0.16432883003519574,0.147560580843203
25.0,9.0,25.0,4.99991935461885,0.025000277411318626,2.4747278763561757,3.7164503278301533,0.16555097052044282,0.14865801311320614
25.25,9.0,25.25,4.99991935461885,0.02500027746231246,2.502224790134155,3.743886134583862,0.1667731110058516,0.14975544538335447
25.5,9.0,25.5,4.99991935461885,0.025000277513306298,2.5297217039084963,3.771321941333941,0.1679952514910987,0.15085287765335764
25.75,9.0,25.75,4.99991935461885,0.025000277564300122,2.5572186176792004,3.7987577480803916,0.16921739197618416,0.15195030992321568
26.0,9.0,26.0,4.99991935461885,0.025000277615293953,2.5847155314608163,3.8261935548377286,0.17043953246175458,0.15304774219350914
26.25,9.0,26.25,4.99991935461885,0.02500027766628779,2.61221244523152,3.8536293615841783,0.17166167294684,0.15414517446336715
26.5,9.0,26.5,4.99991935461885,0.025000277717281614,2.639709359005862,3.881065168334257,0.1728838134320871,0.1552426067333703
26.75,9.0,26.75,4.99991935461885,0.025000277768275448,2.66720627278384,3.908500975087965,0.17410595391749586,0.15634003900351862
27.0,9.0,27.0,4.99991935461885,0.025000277819269282,2.6947031865581814,3.935936781838044,0.17532809440274294,0.15743747127352176
27.25,9.0,27.25,4.99991935461885,0.025000277870263113,2.7222001003361607,3.963372588591753,0.17655023488815175,0.1585349035436701
27.5,9.0,27.5,4.99991935461885,0.02500027792125694,2.7496970141068644,3.9908083953382025,0.17777237537339882,0.15963233581367328
27.75,9.0,27.75,4.99991935461885,0.025000277972250767,2.7771939278884807,4.0182442020955405,0.17899451585896928,0.16072976808396677
28.0,9.0,28.0,4.99991935461885,0.0250002780232446,2.8046908416555474,4.045680008838361,0.1802166563437314,0.16182720035353446
28.25,9.0,28.25,4.99991935461885,0.025000278074238436,2.8321877554335257,4.073115815592069,0.18143879682914016,0.16292463262368276
28.5,9.0,28.5,4.99991935461885,0.02500027812523226,2.8596846692078675,4.100551622342148,0.18266093731438723,0.16402206489368593
28.75,9.0,28.75,4.99991935461885,0.025000278176226097,2.8871815829894834,4.127987429099486,0.183883077799796,0.16511949716383423
29.0,9.0,29.0,4.99991935461885,0.025000278227219928,2.9146784967601875,4.1554232358459355,0.1851052182850431,0.1662169294338374
29.25,9.0,29.25,4.99991935461885,0.025000278278213755,2.942175410534529,4.1828590425960135,0.18632735877029022,0.1673143617038406
29.5,9.0,29.5,4.99991935461885,0.025000278329207596,2.9696723243161447,4.210294849353351,0.18754949925586065,0.16841179397413406
29.75,9.0,29.75,4.99991935461885,0.02500027838020142,2.9971692380904864,4.237730656103431,0.18877163974110778,0.16950922624413725
30.0,9.0,30.0,4.99991935461885,0.025000278431195254,3.0246661518648272,4.265166462853509,0.18999378022635482,0.17060665851414036
30.25,9.0,30.25,4.99991935461885,0.02500027848218909,3.052163065639169,4.292602269603589,0.19121592071160196,0.17170409078414356
30.5,9.0,30.5,4.99991935461885,0.02500027853318292,3.079659979420785,4.320038076360926,0.19243806119668738,0.17280152305400154
30.75,9.0,30.75,4.99991935461885,0.02500027858417675,3.1071568931842144,4.347473883100117,0.19366020168193449,0.1738989553240047
31.0,9.0,31.0,4.99991935461885,0.02500027863517058,3.134653806962193,4.374909689853826,0.19488234216734326,0.17499638759415306
31.25,9.0,31.25,4.99991935461885,0.02500027868616441,3.1621507207401716,4.402345496607534,0.1961044826529137,0.17609381986444653
31.5,9.0,31.5,4.99991935461885,0.025000278737158245,3.189647634518151,4.429781303361243,0.19732662313816082,0.17719125213444972
31.75,9.0,31.75,4.99991935461885,0.025000278788152076,3.2171445482924916,4.457217110111321,0.19854876362340787,0.17828868440445284
32.0,9.0,32.0,4.99991935461885,0.02500027883914591,3.244641462066833,4.4846529168614,0.19977090410865497,0.179386116674456
32.25,9.0,32.25,4.99991935461885,0.025000278890139734,3.272138375844812,4.512088723615109,0.20099304459406375,0.18048354894460436
32.5,9.0,32.5,4.99991935461885,0.025000278941133568,3.299635289619153,4.539524530365187,0.20221518507931086,0.1815809812146075
32.75,9.0,32.75,4.99991935461885,0.025000278992127402,3.3271322033934947,4.566960337115267,0.20343732556455799,0.1826784134846107
33.0,9.0,33.0,4.99991935461885,0.025000279043121233,3.354629117167836,4.594396143865346,0.20465946604980503,0.1837758457546138
33.25,9.0,33.25,4.99991935461885,0.025000279094115063,3.38212603093854,4.621831950611795,0.20588160653505216,0.184873278024617
33.5,9.0,33.5,4.99991935461885,0.025000279145108894,3.409622944716519,4.649267757365504,0.20710374702029927,0.18597071029462015
33.75,9.0,33.75,4.99991935461885,0.025000279196102725,3.437119858501772,4.676703564126471,0.20832588750603137,0.18706814256505883
34.0,9.0,34.0,4.99991935461885,0.025000279247096555,3.464616772272476,4.7041393708729204,0.2095480279911168,0.18816557483491683
34.25,9.0,34.25,4.99991935461885,0.025000279298090393,3.4921136860431803,4.73157517761937,0.21077016847620225,0.1892630071047748
34.5,9.0,34.5,4.99991935461885,0.025000279313249777,3.500287938680782,4.739731264427223,0.21113348507118584,0.18958925057708892
34.75,9.0,34.75,4.99991935461885,0.025000279313249777,3.500287938680782,4.739731264427223,0.21113348507118584,0.18958925057708892
35.0,9.0,35.0,4.99991935461885,0.025000279313249777,3.500287938680782,4.739731264427223,0.21113348507118584,0.18958925057708892
35.25,9.0,35.25,4.99991935461885,0.025000279313249777,3.500287938680782,4.739731264427223,0.21113348507118584,0.18958925057708892
35.5,9.0,35.5,4.99991935461885,0.025000279313249777,3.500287938680782,4.739731264427223,0.21113348507118584,0.18958925057708892
35.75,9.0,35.75,4.99991935461885,0.025000279313249777,3.500287938680782,4.739731264427223,0.21113348507118584,0.18958925057708892
36.0,9.0,36.0,4.99991935461885,0.025000279313249777,3.500287938680782,4.739731264427223,0.21113348507118584,0.18958925057708892
36.25,9.0,36.25,4.99991935461885,0.025000279313249777,3.500287938680782,4.739731264427223,0.21113348507118584,0.18958925057708892
36.5,9.0,36.5,4.99991935461885,0.025000279313249777,3.500287938680782,4.739731264427223,0.21113348507118584,0.18958925057708892
36.75,9.0,36.75,4.99991935461885,0.025000279313249777,3.500287938680782,4.739731264427223,0.21113348507118584,0.18958925057708892
37.0,9.0,37.0,4.99991935461885,0.025000279313249777,3.500287938680782,4.739731264427223,0.21113348507118584,0.18958925057708892
37.25,9.0,37.25,4.99991935461885,0.025000279313249777,3.500287938680782,4.739731264427223,0.21113348507118584,0.18958925057708892
37.5,9.0,37.5,4.99991935461885,0.025000279313249777,3.500287938680782,4.739731264427223,0.21113348507118584,0.18958925057708892
37.75,9.0,37.75,4.99991935461885,0.025000279313249777,3.500287938680782,4.739731264427223,0.21113348507118584,0.18958925057708892
38.0,9.0,38.0,4.99991935461885,0.025000279313249777,3.500287938680782,4.739731264427223,0.21113348507118584,0.18958925057708892
38.25,9.0,38.25,4.99991935461885,0.025000279313249777,3.500287938680782,4.739731264427223,0.21113348507118584,0.18958925057708892
38.5,9.0,38.5,4.99991935461885,0.025000279313249777,3.500287938680782,4.739731264427223,0.21113348507118584,0.18958925057708892
38.75,9.0,38.75,4.99991935461885,0.025000279313249777,3.500287938680782,4.739731264427223,0.21113348507118584,0.18958925057708892
39.0,9.0,39.0,4.99991935461885,0.025000279313249777,3.500287938680782,4.739731264427223,0.21113348507118584,0.18958925057708892
39.25,9.0,39.25,4.99991935461885,0.025000279313249777,3.500287938680782,4.739731264427223,0.21113348507118584,0.18958925057708892
39.5,9.0,39.5,4.99991935461885,0.025000279313249777,3.500287938680782,4.739731264427223,0.21113348507118584,0.18958925057708892
39.75,9.0,39.75,4.99991935461885,0.025000279313249777,3.500287938680782,4.739731264427223,0.21113348507118584,0.18958925057708892
40.0,9.0,40.0,4.99991935461885,0.025000279313249777,3.500287938680782,4.739731264427223,0.21113348507118584,0.18958925057708892
40.25,9.0,40.25,4.99991935461885,0.025000279313249777,3.500287938680782,4.739731264427223,0.21113348507118584,0.18958925057708892
40.5,9.0,40.5,4.99991935461885,0.025000279313249777,3.500287938680782,4.739731264427223,0.21113348507118584,0.18958925057708892
40.75,9.0,40.75,4.99991935461885,0.025000279313249777,3.500287938680782,4.739731264427223,0.21113348507118584,0.18958925057708892
41.0,9.0,41.0,4.99991935461885,0.025000279313249777,3.500287938680782,4.739731264427223,0.21113348507118584,0.18958925057708892
41.25,9.0,41.25,4.99991935461885,0.025000279313249777,3.500287938680782,4.739731264427223,0.21113348507118584,0.18958925057708892
41.5,9.0,41.5,4.99991935461885,0.025000279313249777,3.500287938680782,4.739731264427223,0.21113348507118584,0.18958925057708892
41.75,9.0,41.75,4.99991935461885,0.025000279313249777,3.500287938680782,4.739731264427223,0.21113348507118584,0.18958925057708892
42.0,9.0,42.0,4.99991935461885,0.025000279313249777,3.500287938680782,4.739731264427223,0.21113348507118584,0.18958925057708892
42.25,9.0,42.25,4.99991935461885,0.025000279313249777,3.500287938680782,4.739731264427223,0.21113348507118584,0.18958925057708892
42.5,9.0,42.5,4.99991935461885,0.025000279313249777,3.500287938680782,4.739731264427223,0.21113348507118584,0.18958925057708892
42.75,9.0,42.75,4.99991935461885,0.025000279313249777,3.500287938680782,4.739731264427223,0.21113348507118584,0.18958925057708892
43.0,9.0,43.0,4.99991935461885,0.025000279313249777,3.500287938680782,4.739731264427223,0.21113348507118584,0.18958925057708892
43.25,9.0,43.25,4.99991935461885,0.025000279313249777,3.500287938680782,4.739731264427223,0.21113348507118584,0.18958925057708892
43.5,9.0,43.5,4.99991935461885,0.025000279313249777,3.500287938680782,4.739731264427223,0.21113348507118584,0.18958925057708892
43.75,9.0,43.75,4.99991935461885,0.025000279313249777,3.500287938680782,4.739731264427223,0.21113348507118584,0.18958925057708892
44.0,9.0,44.0,4.99991935461885,0.025000279313249777,3.500287938680782,4.739731264427223,0.21113348507118584,0.18958925057708892
44.25,9.0,44.25,4.99991935461885,0.025000279313249777,3.500287938680782,4.739731264427223,0.21113348507118584,0.18958925057708892
44.5,9.0,44.5,4.99991935461885,0.025000279313249777,3.500287938680782,4.739731264427223,0.21113348507118584,0.18958925057708892
44.75,9.0,44.75,4.99991935461885,0.025000279313249777,3.500287938680782,4.739731264427223,0.21113348507118584,0.18958925057708892
45.0,9.0,45.0,4.99991935461885,0.025000279313249777,3.500287938680782,4.739731264427223,0.21113348507118584,0.18958925057708892
45.25,9.0,45.25,4.99991935461885,0.025000279313249777,3.500287938680782,4.739731264427223,0.21113348507118584,0.18958925057708892
45.5,9.0,45.5,4.99991935461885,0.025000279313249777,3.500287938680782,4.739731264427223,0.21113348507118584,0.18958925057708892
45.75,9.0,45.75,4.99991935461885,0.025000279313249777,3.500287938680782,4.739731264427223,0.21113348507118584,0.18958925057708892
46.0,9.0,46.0,4.99991935461885,0.025000279313249777,3.500287938680782,4.739731264427223,0.21113348507118584,0.18958925057708892
46.25,9.0,46.25,4.99991935461885,0.025000279313249777,3.500287938680782,4.739731264427223,0.21113348507118584,0.18958925057708892
46.5,9.0,46.5,4.99991935461885,0.025000279313249777,3.500287938680782,4.739731264427223,0.21113348507118584,0.18958925057708892
46.75,9.0,46.75,4.99991935461885,0.025000279313249777,3.500287938680782,4.739731264427223,0.21113348507118584,0.18958925057708892
47.0,9.0,47.0,4.99991935461885,0.025000279313249777,3.500287938680782,4.739731264427223,0.21113348507118584,0.18958925057708892
47.25,9.0,47.25,4.99991935461885,0.025000279313249777,3.500287938680782,4.739731264427223,0.21113348507118584,0.18958925057708892
47.5,9.0,47.5,4.99991935461885,0.025000279313249777,3.500287938680782,4.739731264427223,0.21113348507118584,0.18958925057708892
47.75,9.0,47.75,4.99991935461885,0.025000279313249777,3.500287938680782,4.739731264427223,0.21113348507118584,0.18958925057708892
48.0,9.0,48.0,4.99991935461885,0.025000279313249777,3.500287938680782,4.739731264427223,0.21113348507118584,0.18958925057708892
48.25,9.0,48.25,4.99991935461885,0.025000279313249777,3.500287938680782,4.739731264427223,0.21113348507118584,0.18958925057708892
48.5,9.0,48.5,4.99991935461885,0.025000279313249777,3.500287938680782,4.739731264427223,0.21113348507118584,0.18958925057708892
48.75,9.0,48.75,4.99991935461885,0.025000279313249777,3.500287938680782,4.739731264427223,0.21113348507118584,0.18958925057708892
49.0,9.0,49.0,4.99991935461885,0.025000279313249777,3.500287938680782,4.739731264427223,0.21113348507118584,0.18958925057708892
49.25,9.0,49.25,4.99991935461885,0.025000279313249777,3.500287938680782,4.739731264427223,0.21113348507118584,0.18958925057708892
49.5,9.0,49.5,4.99991935461885,0.025000279313249777,3.500287938680782,4.739731264427223,0.21113348507118584,0.18958925057708892
49.75,9.0,49.75,4.99991935461885,0.025000279313249777,3.500287938680782,4.739731264427223,0.21113348507118584,0.18958925057708892
50.0,9.0,50.0,4.99991935461885,0.025000279313249777,3.500287938680782,4.739731264427223,0.21113348507118584,0.18958925057708892
50.25,9.0,50.25,4.99991935461885,0.025000279313249777,3.500287938680782,4.739731264427223,0.21113348507118584,0.18958925057708892
50.5,9.0,50.5,4.99991935461885,0.025000279313249777,3.500287938680782,4.739731264427223,0.21113348507118584,0.18958925057708892
50.75,9.0,50.75,4.99991935461885,0.025000279313249777,3.500287938680782,4.739731264427223,0.21113348507118584,0.18958925057708892
51.0,9.0,51.0,4.99991935461885,0.025000279313249777,3.500287938680782,4.739731264427223,0.21113348507118584,0.18958925057708892
51.25,9.0,51.25,4.99991935461885,0.025000279313249777,3.500287938680782,4.739731264427223,0.21113348507118584,0.18958925057708892
51.5,9.0,51.5,4.99991935461885,0.025000279313249777,3.500287938680782,4.739731264427223,0.21113348507118584,0.18958925057708892
51.75,9.0,51.75,4.99991935461885,0.025000279313249777,3.500287938680782,4.739731264427223,0.21113348507118584,0.18958925057708892
52.0,9.0,52.0,4.99991935461885,0.025000279313249777,3.500287938680782,4.739731264427223,0.21113348507118584,0.18958925057708892
52.25,9.0,52.25,4.99991935461885,0.025000279313249777,3.500287938680782,4.739731264427223,0.21113348507118584,0.18958925057708892
52.5,9.0,52.5,4.99991935461885,0.025000279313249777,3.500287938680782,4.739731264427223,0.21113348507118584,0.18958925057708892
52.75,9.0,52.75,4.99991935461885,0.025000279313249777,3.500287938680782,4.739731264427223,0.21113348507118584,0.18958925057708892
53.0,9.0,53.0,4.99991935461885,0.025000279313249777,3.500287938680782,4.739731264427223,0.21113348507118584,0.18958925057708892
53.25,9.0,53.25,4.99991935461885,0.025000279313249777,3.500287938680782,4.739731264427223,0.21113348507118584,0.18958925057708892
53.5,9.0,53.5,4.99991935461885,0.025000279313249777,3.500287938680782,4.739731264427223,0.21113348507118584,0.18958925057708892
53.75,9.0,53.75,4.99991935461885,0.025000279313249777,3.500287938680782,4.739731264427223,0.21113348507118584,0.18958925057708892
54.0,9.0,54.0,4.99991935461885,0.025000279313249777,3.500287938680782,4.739731264427223,0.21113348507118584,0.18958925057708892
54.25,9.0,54.25,4.99991935461885,0.025000279313249777,3.500287938680782,4.739731264427223,0.21113348507118584,0.18958925057708892
54.5,9.0,54.5,4.99991935461885,0.025000279313249777,3.500287938680782,4.739731264427223,0.21113348507118584,0.18958925057708892
54.75,9.0,54.75,4.99991935461885,0.025000279313249777,3.500287938680782,4.739731264427223,0.21113348507118584,0.18958925057708892
55.0,9.0,55.0,4.99991935461885,0.025000279313249777,3.500287938680782,4.739731264427223,0.21113348507118584,0.18958925057708892
55.25,9.0,55.25,4.99991935461885,0.025000279313249777,3.500287938680782,4.739731264427223,0.21113348507118584,0.18958925057708892
55.5,9.0,55.5,4.99991935461885,0.025000279313249777,3.500287938680782,4.739731264427223,0.21113348507118584,0.18958925057708892
55.75,9.0,55.75,4.99991935461885,0.025000279313249777,3.500287938680782,4.739731264427223,0.21113348507118584,0.18958925057708892
56.0,9.0,56.0,4.99991935461885,0.025000279313249777,3.500287938680782,4.739731264427223,0.21113348507118584,0.18958925057708892
56.25,9.0,56.25,4.99991935461885,0.025000279313249777,3.500287938680782,4.739731264427223,0.21113348507118584,0.18958925057708892
56.5,9.0,56.5,4.99991935461885,0.025000279313249777,3.500287938680782,4.739731264427223,0.21113348507118584,0.18958925057708892
56.75,9.0,56.75,4.99991935461885,0.025000279313249777,3.500287938680782,4.739731264427223,0.21113348507118584,0.18958925057708892
57.0,9.0,57.0,4.99991935461885,0.025000279313249777,3.500287938680782,4.739731264427223,0.21113348507118584,0.18958925057708892
57.25,9.0,57.25,4.99991935461885,0.025000279313249777,3.500287938680782,4.739731264427223,0.21113348507118584,0.18958925057708892
57.5,9.0,57.5,4.99991935461885,0.025000279313249777,3.500287938680782,4.739731264427223,0.21113348507118584,0.18958925057708892
57.75,9.0,57.75,4.99991935461885,0.025000279313249777,3.500287938680782,4.739731264427223,0.21113348507118584,0.18958925057708892
58.0,9.0,58.0,4.99991935461885,0.025000279313249777,3.500287938680782,4.739731264427223,0.21113348507118584,0.18958925057708892
58.25,9.0,58.25,4.99991935461885,0.025000279313249777,3.500287938680782,4.739731264427223,0.21113348507118584,0.18958925057708892
58.5,9.0,58.5,4.99991935461885,0.025000279313249777,3.500287938680782,4.739731264427223,0.21113348507118584,0.18958925057708892
58.75,9.0,58.75,4.99991935461885,0.025000279313249777,3.500287938680782,4.739731264427223,0.21113348507118584,0.18958925057708892
59.0,9.0,59.0,4.99991935461885,0.025000279313249777,3.500287938680782,4.739731264427223,0.21113348507118584,0.18958925057708892
59.25,9.0,59.25,4.99991935461885,0.025000279313249777,3.500287938680782,4.739731264427223,0.21113348507118584,0.18958925057708892
59.5,9.0,59.5,4.99991935461885,0.025000279313249777,3.500287938680782,4.739731264427223,0.21113348507118584,0.18958925057708892
59.75,9.0,59.75,4.99991935461885,0.025000279313249777,3.500287938680782,4.739731264427223,0.21113348507118584,0.18958925057708892
60.0,9.0,60.0,4.99991935461885,0.025000279313249777,3.500287938680782,4.739731264427223,0.21113348507118584,0.18958925057708892
60.25,9.0,60.25,4.99991935461885,0.025000279313249777,3.500287938680782,4.739731264427223,0.21113348507118584,0.18958925057708892
60.5,9.0,60.5,4.99991935461885,0.025000279313249777,3.500287938680782,4.739731264427223,0.21113348507118584,0.18958925057708892
60.75,9.0,60.75,4.99991935461885,0.025000279313249777,3.500287938680782,4.739731264427223,0.21113348507118584,0.18958925057708892
61.0,9.0,61.0,4.99991935461885,0.025000279313249777,3.500287938680782,4.739731264427223,0.21113348507118584,0.18958925057708892
61.25,9.0,61.25,4.99991935461885,0.025000279313249777,3.500287938680782,4.739731264427223,0.21113348507118584,0.18958925057708892
61.5,9.0,61.5,4.99991935461885,0.025000279313249777,3.500287938680782,4.739731264427223,0.21113348507118584,0.18958925057708892
61.75,9.0,61.75,4.99991935461885,0.025000279313249777,3.500287938680782,4.739731264427223,0.21113348507118584,0.18958925057708892
62.0,9.0,62.0,4.99991935461885,0.025000279313249777,3.500287938680782,4.739731264427223,0.21113348507118584,0.18958925057708892
62.25,9.0,62.25,4.99991935461885,0.025000279313249777,3.500287938680782,4.739731264427223,0.21113348507118584,0.18958925057708892
62.5,9.0,62.5,4.99991935461885,0.025000279313249777,3.500287938680782,4.739731264427223,0.21113348507118584,0.18958925057708892
62.75,9.0,62.75,4.99991935461885,0.025000279313249777,3.500287938680782,4.739731264427223,0.21113348507118584,0.18958925057708892
63.0,9.0,63.0,4.99991935461885,0.025000279313249777,3.500287938680782,4.739731264427223,0.21113348507118584,0.18958925057708892
63.25,9.0,63.25,4.99991935461885,0.025000279313249777,3.500287938680782,4.739731264427223,0.21113348507118584,0.18958925057708892
63.5,9.0,63.5,4.99991935461885,0.025000279313249777,3.500287938680782,4.739731264427223,0.21113348507118584,0.18958925057708892
63.75,9.0,63.75,4.99991935461885,0.025000279313249777,3.500287938680782,4.739731264427223,0.21113348507118584,0.18958925057708892
64.0,9.0,64.0,4.99991935461885,0.025000279313249777,3.500287938680782,4.739731264427223,0.21113348507118584,0.18958925057708892
64.25,9.0,64.25,4.99991935461885,0.025000279313249777,3.500287938680782,4.739731264427223,0.21113348507118584,0.18958925057708892
64.5,9.0,64.5,4.99991935461885,0.025000279313249777,3.500287938680782,4.739731264427223,0.21113348507118584,0.18958925057708892
64.75,9.0,64.75,4.99991935461885,0.025000279313249777,3.500287938680782,4.739731264427223,0.21113348507118584,0.18958925057708892
65.0,9.0,65.0,4.99991935461885,0.025000279313249777,3.500287938680782,4.739731264427223,0.21113348507118584,0.18958925057708892
65.25,9.0,65.25,4.99991935461885,0.025000279313249777,3.500287938680782,4.739731264427223,0.21113348507118584,0.18958925057708892
65.5,9.0,65.5,4.99991935461885,0.025000279313249777,3.500287938680782,4.739731264427223,0.21113348507118584,0.18958925057708892
65.75,9.0,65.75,4.99991935461885,0.025000279313249777,3.500287938680782,4.739731264427223,0.21113348507118584,0.18958925057708892
66.0,9.0,66.0,4.99991935461885,0.025000279313249777,3.500287938680782,4.739731264427223,0.21113348507118584,0.18958925057708892
66.25,9.0,66.25,4.99991935461885,0.025000279313249777,3.500287938680782,4.739731264427223,0.21113348507118584,0.18958925057708892
66.5,9.0,66.5,4.99991935461885,0.025000279313249777,3.500287938680782,4.739731264427223,0.21113348507118584,0.18958925057708892
66.75,9.0,66.75,4.99991935461885,0.025000279313249777,3.500287938680782,4.739731264427223,0.21113348507118584,0.18958925057708892
67.0,9.0,67.0,4.99991935461885,0.025000279313249777,3.500287938680782,4.739731264427223,0.21113348507118584,0.18958925057708892
67.25,9.0,67.25,4.99991935461885,0.025000279313249777,3.500287938680782,4.739731264427223,0.21113348507118584,0.18958925057708892
67.5,9.0,67.5,4.99991935461885,0.025000279313249777,3.500287938680782,4.739731264427223,0.21113348507118584,0.18958925057708892
67.75,9.0,67.75,4.99991935461885,0.025000279313249777,3.500287938680782,4.739731264427223,0.21113348507118584,0.18958925057708892
68.0,9.0,68.0,4.99991935461885,0.025000279313249777,3.500287938680782,4.739731264427223,0.21113348507118584,0.18958925057708892
68.25,9.0,68.25,4.99991935461885,0.025000279313249777,3.500287938680782,4.739731264427223,0.21113348507118584,0.18958925057708892
68.5,9.0,68.5,4.99991935461885,0.025000279313249777,3.500287938680782,4.739731264427223,0.21113348507118584,0.18958925057708892
68.75,9.0,68.75,4.99991935461885,0.025000279313249777,3.500287938680782,4.739731264427223,0.21113348507118584,0.18958925057708892
69.0,9.0,69.0,4.99991935461885,0.025000279313249777,3.500287938680782,4.739731264427223,0.21113348507118584,0.18958925057708892
69.25,9.0,69.25,4.99991935461885,0.025000279313249777,3.500287938680782,4.739731264427223,0.21113348507118584,0.18958925057708892
69.5,9.0,69.5,4.99991935461885,0.025000279313249777,3.500287938680782,4.739731264427223,0.21113348507118584,0.18958925057708892
69.75,9.0,69.75,4.99991935461885,0.025000279313249777,3.500287938680782,4.739731264427223,0.21113348507118584,0.18958925057708892
70.0,9.0,70.0,4.99991935461885,0.025000279313249777,3.500287938680782,4.739731264427223,0.21113348507118584,0.18958925057708892
70.25,9.0,70.25,4.99991935461885,0.025000279313249777,3.500287938680782,4.739731264427223,0.21113348507118584,0.18958925057708892
70.5,9.0,70.5,4.99991935461885,0.025000279313249777,3.500287938680782,4.739731264427223,0.21113348507118584,0.18958925057708892
70.75,9.0,70.75,4.99991935461885,0.025000279313249777,3.500287938680782,4.739731264427223,0.21113348507118584,0.18958925057708892
71.0,9.0,71.0,4.99991935461885,0.025000279313249777,3.500287938680782,4.739731264427223,0.21113348507118584,0.18958925057708892
71.25,9.0,71.25,4.99991935461885,0.025000279313249777,3.500287938680782,4.739731264427223,0.21113348507118584,0.18958925057708892
71.5,9.0,71.5,4.99991935461885,0.025000279313249777,3.500287938680782,4.739731264427223,0.21113348507118584,0.18958925057708892
71.75,9.0,71.75,4.99991935461885,0.025000279313249777,3.500287938680782,4.739731264427223,0.21113348507118584,0.18958925057708892
72.0,9.0,72.0,4.99991935461885,0.025000279313249777,3.500287938680782,4.739731264427223,0.21113348507118584,0.18958925057708892
72.25,9.0,72.25,4.99991935461885,0.025000279313249777,3.500287938680782,4.739731264427223,0.21113348507118584,0.18958925057708892
72.5,9.0,72.5,4.99991935461885,0.025000279313249777,3.500287938680782,4.739731264427223,0.21113348507118584,0.18958925057708892
72.75,9.0,72.75,4.99991935461885,0.025000279313249777,3.500287938680782,4.739731264427223,0.21113348507118584,0.18958925057708892
73.0,9.0,73.0,4.99991935461885,0.025000279313249777,3.500287938680782,4.739731264427223,0.21113348507118584,0.18958925057708892
73.25,9.0,73.25,4.99991935461885,0.025000279313249777,3.500287938680782,4.739731264427223,0.21113348507118584,0.18958925057708892
73.5,9.0,73.5,4.99991935461885,0.025000279313249777,3.500287938680782,4.739731264427223,0.21113348507118584,0.18958925057708892
73.75,9.0,73.75,4.99991935461885,0.025000279313249777,3.500287938680782,4.739731264427223,0.21113348507118584,0.18958925057708892
74.0,9.0,74.0,4.99991935461885,0.025000279313249777,3.500287938680782,4.739731264427223,0.21113348507118584,0.18958925057708892
74.25,9.0,74.25,4.99991935461885,0.025000279313249777,3.500287938680782,4.739731264427223,0.21113348507118584,0.18958925057708892
74.5,9.0,74.5,4.99991935461885,0.025000279313249777,3.500287938680782,4.739731264427223,0.21113348507118584,0.18958925057708892
74.75,9.0,74.75,4.99991935461885,0.025000279313249777,3.500287938680782,4.739731264427223,0.21113348507118584,0.18958925057708892
75.0,9.0,75.0,4.99991935461885,0.025000279313249777,3.500287938680782,4.739731264427223,0.21113348507118584,0.18958925057708892
75.25,9.0,75.25,4.99991935461885,0.025000279313249777,3.500287938680782,4.739731264427223,0.21113348507118584,0.18958925057708892
75.5,9.0,75.5,4.99991935461885,0.025000279313249777,3.500287938680782,4.739731264427223,0.21113348507118584,0.18958925057708892
75.75,9.0,75.75,4.99991935461885,0.025000279313249777,3.500287938680782,4.739731264427223,0.21113348507118584,0.18958925057708892
76.0,9.0,76.0,4.99991935461885,0.025000279313249777,3.500287938680782,4.739731264427223,0.21113348507118584,0.18958925057708892
76.25,9.0,76.25,4.99991935461885,0.025000279313249777,3.500287938680782,4.739731264427223,0.21113348507118584,0.18958925057708892
76.5,9.0,76.5,4.99991935461885,0.025000279313249777,3.500287938680782,4.739731264427223,0.21113348507118584,0.18958925057708892
76.75,9.0,76.75,4.99991935461885,0.025000279313249777,3.500287938680782,4.739731264427223,0.21113348507118584,0.18958925057708892
77.0,9.0,77.0,4.99991935461885,0.025000279313249777,3.500287938680782,4.739731264427223,0.21113348507118584,0.18958925057708892
77.25,9.0,77.25,4.99991935461885,0.025000279313249777,3.500287938680782,4.739731264427223,0.21113348507118584,0.18958925057708892
77.5,9.0,77.5,4.99991935461885,0.025000279313249777,3.500287938680782,4.739731264427223,0.21113348507118584,0.18958925057708892
77.75,9.0,77.75,4.99991935461885,0.025000279313249777,3.500287938680782,4.739731264427223,0.21113348507118584,0.18958925057708892
78.0,9.0,78.0,4.99991935461885,0.025000279313249777,3.500287938680782,4.739731264427223,0.21113348507118584,0.18958925057708892
78.25,9.0,78.25,4.99991935461885,0.025000279313249777,3.500287938680782,4.739731264427223,0.21113348507118584,0.18958925057708892
78.5,9.0,78.5,4.99991935461885,0.025000279313249777,3.500287938680782,4.739731264427223,0.21113348507118584,0.18958925057708892
78.75,9.0,78.75,4.99991935461885,0.025000279313249777,3.500287938680782,4.739731264427223,0.21113348507118584,0.18958925057708892
79.0,9.0,79.0,4.99991935461885,0.025000279313249777,3.500287938680782,4.739731264427223,0.21113348507118584,0.18958925057708892
79.25,9.0,79.25,4.99991935461885,0.025000279313249777,3.500287938680782,4.739731264427223,0.21113348507118584,0.18958925057708892
79.5,9.0,79.5,4.99991935461885,0.025000279313249777,3.500287938680782,4.739731264427223,0.21113348507118584,0.18958925057708892
79.75,9.0,79.75,4.99991935461885,0.025000279313249777,3.500287938680782,4.739731264427223,0.21113348507118584,0.18958925057708892
80.0,9.0,80.0,4.99991935461885,0.025000279313249777,3.500287938680782,4.739731264427223,0.21113348507118584,0.18958925057708892
